c_id,ct
101269,T
101273,Macrophage
101285,Macrophage
101286,Fibroblast
101300,Macrophage
101302,Macrophage
101305,Macrophage
101307,Macrophage
101314,Macrophage
101326,Macrophage
101327,Macrophage
101329,Macrophage
101336,Macrophage
101339,Fibroblast
101342,Macrophage
101343,Endothelial
101344,T
101346,Macrophage
101351,T
101355,Endothelial
101365,Endothelial
101377,Macrophage
101384,Macrophage
101386,Macrophage
101387,Macrophage
101389,T
101392,T
101400,Macrophage
101401,Macrophage
101407,T
101410,Fibroblast
101411,Plasma
101412,Macrophage
101413,Macrophage
101416,Plasma
101418,Macrophage
101424,Macrophage
101431,Plasma
101432,T
101438,Macrophage
101441,T
101447,Macrophage
101448,Fibroblast
101451,Macrophage
101460,T
101461,Macrophage
101465,T
101468,Macrophage
101478,Macrophage
101480,Macrophage
101486,T
101487,Macrophage
101488,T
101489,T
101492,T
101495,Macrophage
101496,Macrophage
101499,Plasma
101500,Endothelial
101502,T
101505,Macrophage
101507,Macrophage
101511,Macrophage
101514,T
101523,T
101524,T
101528,T
101532,T
101551,T
101554,T
101556,Myeloid
101558,T
101561,T
101564,T
101567,Fibroblast
101577,T
101578,T
101592,T
101594,T
101595,T
101596,T
101603,T
101604,Macrophage
101605,T
101619,Macrophage
101621,T
101622,T
101623,Endothelial
101625,T
101633,T
101639,T
101640,T
101649,T
101651,T
101654,Macrophage
101657,T
101662,T
101668,T
101671,T
101678,Macrophage
101680,T
101681,T
101685,T
101686,Macrophage
101687,T
101688,T
101689,Macrophage
101692,T
101696,T
101699,T
101701,T
101702,Macrophage
101708,T
101709,Fibroblast
101712,T
101716,T
101718,T
101723,T
101724,T
101727,T
101730,Plasma
101735,Macrophage
101736,T
101744,Macrophage
101748,Macrophage
101758,T
101759,Macrophage
101760,T
101764,Macrophage
101767,T
101773,T
101774,Macrophage
101775,T
101776,T
101778,T
101782,T
101783,Macrophage
101791,T
101792,Myeloid
101796,T
101807,T
101811,T
101813,Macrophage
101820,T
101821,T
101823,Macrophage
101824,T
101830,T
101835,B
101839,T
101840,T
101844,T
101845,T
101847,T
101855,Macrophage
101862,T
101863,Fibroblast
101865,Macrophage
101869,T
101876,Myeloid
101881,T
101882,T
101884,T
101885,Macrophage
101888,Macrophage
101893,T
101895,Macrophage
101898,Myeloid
101899,T
101907,T
101909,T
101922,T
101924,Myeloid
101925,T
101928,Fibroblast
101935,Macrophage
101937,T
101938,T
101939,T
101941,Macrophage
101947,T
101949,T
101955,T
101959,Macrophage
101961,T
101970,T
101971,Macrophage
101980,T
101981,T
101991,T
101995,T
101999,T
102003,Macrophage
102006,T
102011,Macrophage
102016,T
102018,T
102023,T
102025,B
102027,T
102032,T
102034,Macrophage
102040,T
102053,T
102064,T
102074,T
102077,Plasma
102079,T
102083,T
102088,Fibroblast
102091,Fibroblast
102098,Endothelial
102104,T
102107,T
102108,T
102114,T
102118,T
102119,T
102121,T
102125,T
102130,T
102131,T
102139,T
102143,T
102144,T
102145,T
102149,T
102154,T
102159,T
102160,Macrophage
102161,T
102164,T
102168,Macrophage
102172,T
102180,T
102184,T
102187,T
102188,T
102190,Macrophage
102191,Macrophage
102193,Macrophage
102203,T
102215,Epithelial
102218,Epithelial
102219,Malignant
102223,Malignant
102225,Endothelial
102226,Malignant
102228,Malignant
102230,T
102231,Malignant
102232,Malignant
102233,Malignant
102234,Epithelial
102236,Malignant
102237,Malignant
102238,Epithelial
102239,Malignant
102240,Endothelial
102241,Endothelial
102242,Malignant
102243,Malignant
102244,Fibroblast
102247,Malignant
102250,Malignant
102253,Malignant
102255,Malignant
102258,Epithelial
102259,Malignant
102263,Malignant
102264,Malignant
102266,Epithelial
102267,Epithelial
102268,Endothelial
102269,Epithelial
102270,Epithelial
102271,Epithelial
102279,Epithelial
102284,Epithelial
102286,Fibroblast
102287,Malignant
102289,T
102291,Malignant
102292,Malignant
102295,T
102296,Epithelial
102297,Malignant
102298,Epithelial
102299,Fibroblast
102306,Fibroblast
102309,Epithelial
102310,Epithelial
102311,Malignant
102312,Malignant
102313,Macrophage
102316,Malignant
102319,T
102321,T
102322,Malignant
102325,Malignant
102326,T
102327,Epithelial
102330,T
102333,Plasma
102335,T
102336,T
102337,Epithelial
102339,T
102340,Malignant
102341,Macrophage
102342,Macrophage
102344,Fibroblast
102346,Malignant
102347,Macrophage
102348,Fibroblast
102349,Macrophage
102353,T
102354,T
102355,Fibroblast
102356,T
102361,Macrophage
102363,T
102365,T
102366,Macrophage
102367,Epithelial
102368,T
102369,B
102370,Macrophage
102371,Macrophage
102372,Macrophage
102374,Macrophage
102376,T
102377,T
102378,Macrophage
102379,T
102381,T
102384,Macrophage
102385,Macrophage
102387,Fibroblast
102388,Macrophage
102390,Macrophage
102395,Macrophage
102397,Macrophage
102398,Macrophage
102402,Macrophage
102403,Malignant
102404,T
102405,T
102407,Malignant
102408,Macrophage
102409,Macrophage
102410,Malignant
102411,Macrophage
102413,Macrophage
102416,Fibroblast
102417,Macrophage
102418,T
102419,Macrophage
102420,Macrophage
102423,T
102425,Macrophage
102430,Macrophage
102432,Malignant
102435,T
102438,Plasma
102442,Malignant
102444,Epithelial
102448,Macrophage
102450,T
102453,T
102455,Epithelial
102458,T
102459,Macrophage
102462,T
102464,T
102465,Fibroblast
102466,Macrophage
102467,Malignant
102474,Malignant
102476,Macrophage
102477,Malignant
102479,T
102480,Malignant
102481,Fibroblast
102482,Macrophage
102483,Malignant
102487,Macrophage
102488,Plasma
102489,Macrophage
102492,Macrophage
102493,Macrophage
102494,Macrophage
102500,T
102501,T
102504,Myeloid
102505,Malignant
102508,Plasma
102509,Macrophage
102510,T
102516,Macrophage
102517,T
102519,T
102520,T
102521,T
102524,Epithelial
102526,Fibroblast
102531,Macrophage
102532,Macrophage
102535,Macrophage
102538,Malignant
102541,Macrophage
102544,T
102547,Epithelial
102548,Malignant
102552,T
102553,T
102554,Epithelial
102555,Macrophage
102557,Fibroblast
102560,Malignant
102561,Macrophage
102563,Macrophage
102565,Fibroblast
102566,T
102568,B
102569,T
102572,T
102575,Fibroblast
102576,Epithelial
102577,Fibroblast
102579,Macrophage
102581,Malignant
102585,Malignant
102586,Macrophage
102588,Endothelial
102593,T
102594,Epithelial
102597,Epithelial
102598,Fibroblast
102599,Macrophage
102600,Malignant
102604,Epithelial
102605,T
102606,Malignant
102608,Macrophage
102609,Macrophage
102610,T
102611,T
102613,Malignant
102614,Macrophage
102616,Malignant
102617,Macrophage
102618,Macrophage
102620,Macrophage
102621,Macrophage
102623,Macrophage
102630,Malignant
102632,Macrophage
102633,Epithelial
102634,T
102638,T
102643,T
102644,Macrophage
102645,T
102646,T
102647,Macrophage
102648,Malignant
102649,T
102650,T
102651,Epithelial
102652,T
102654,Macrophage
102656,Macrophage
102658,Malignant
102659,Epithelial
102661,Fibroblast
102662,Malignant
102663,Macrophage
102665,Macrophage
102667,Macrophage
102668,T
102669,T
102670,Epithelial
102673,Epithelial
102680,Epithelial
102682,Fibroblast
102683,Epithelial
102685,T
102686,T
102687,Plasma
102689,T
102691,Macrophage
102692,Malignant
102693,T
102694,T
102695,Macrophage
102697,T
102698,Macrophage
102699,Epithelial
102700,Macrophage
102701,Epithelial
102703,Malignant
102704,T
102705,Malignant
102707,Epithelial
102710,Macrophage
102713,T
102714,Epithelial
102715,Macrophage
102717,Malignant
102719,Epithelial
102720,T
102723,Macrophage
102725,Malignant
102726,Malignant
102727,Myeloid
102728,Macrophage
102729,T
102730,Macrophage
102731,Macrophage
102732,T
102733,Macrophage
102735,Macrophage
102736,Epithelial
102738,T
102741,Macrophage
102742,T
102744,Malignant
102746,T
102749,T
102751,Malignant
102752,Malignant
102753,Malignant
102754,T
102757,Endothelial
102758,Malignant
102760,T
102761,T
102762,T
102763,T
102764,Macrophage
102765,T
102766,T
102767,Macrophage
102768,Malignant
102771,Plasma
102772,T
102775,Malignant
102776,Malignant
102777,T
102778,Malignant
102779,T
102781,T
102782,Macrophage
102783,Myeloid
102784,T
102790,Myeloid
102795,Macrophage
102798,T
102800,T
102801,T
102802,Endothelial
102803,T
102804,T
102806,Malignant
102807,T
102808,T
102809,Myeloid
102810,Endothelial
102812,T
102813,T
102816,T
102818,Malignant
102820,T
102821,Fibroblast
102822,Macrophage
102823,Fibroblast
102825,T
102826,Malignant
102827,Macrophage
102828,Malignant
102829,Macrophage
102838,T
102839,T
102840,Malignant
102843,Macrophage
102844,T
102845,T
102846,T
102848,Plasma
102849,T
102850,T
102851,Myeloid
102852,T
102855,Macrophage
102859,Malignant
102860,Malignant
102861,Malignant
102862,T
102865,Malignant
102866,T
102867,T
102871,T
102872,Fibroblast
102873,T
102875,T
102876,T
102878,T
102881,Macrophage
102883,T
102886,Macrophage
102887,T
102891,T
102893,B
102894,Malignant
102895,T
102899,T
102900,T
102901,T
102904,Malignant
102905,B
102907,T
102908,T
102910,T
102912,Macrophage
102913,T
102914,Malignant
102915,Fibroblast
102916,Fibroblast
102917,T
102918,Macrophage
102919,T
102921,Myeloid
102922,T
102923,T
102925,Myeloid
102926,Malignant
102927,Macrophage
102929,Malignant
102931,Myeloid
102932,T
102933,Endothelial
102935,T
102938,Malignant
102939,T
102941,T
102942,Macrophage
102945,T
102946,T
102947,B
102949,B
102950,Macrophage
102951,Epithelial
102952,Macrophage
102953,Myeloid
102954,Macrophage
102955,T
102957,T
102959,Malignant
102960,T
102961,T
102963,Malignant
102964,Myeloid
102965,T
102966,Malignant
102967,Macrophage
102968,Macrophage
102969,Malignant
102970,T
102971,T
102972,T
102973,Myeloid
102978,Fibroblast
102980,Myeloid
102981,Macrophage
102983,Myeloid
102984,T
102986,Macrophage
102987,T
102988,Malignant
102989,Malignant
102994,T
102997,Macrophage
103000,Malignant
103001,T
103007,Macrophage
103008,Fibroblast
103009,Myeloid
103010,Plasma
103011,T
103012,T
103013,Malignant
103015,T
103016,Malignant
103017,Macrophage
103018,Malignant
103019,Malignant
103020,T
103021,Macrophage
103025,Macrophage
103027,Myeloid
103028,T
103030,Fibroblast
103032,T
103033,Macrophage
103035,T
103036,Fibroblast
103037,Macrophage
103038,Endothelial
103039,T
103041,Macrophage
103042,Endothelial
103043,Macrophage
103044,Malignant
103046,Macrophage
103047,Macrophage
103050,Malignant
103053,Macrophage
103055,Malignant
103058,Macrophage
103059,Macrophage
103060,Malignant
103062,Malignant
103063,Fibroblast
103064,Malignant
103065,T
103066,Macrophage
103067,Endothelial
103070,Macrophage
103080,Malignant
103084,Malignant
103089,Malignant
103090,Epithelial
103091,Malignant
103092,Malignant
103098,Malignant
103099,Epithelial
103101,Malignant
103102,Malignant
103105,Malignant
103106,Epithelial
103107,Malignant
103109,Malignant
103110,Malignant
103114,Malignant
103116,Malignant
103119,Malignant
103121,Epithelial
103122,Malignant
103123,Epithelial
103128,Malignant
103130,Malignant
103131,Malignant
103132,Malignant
103133,Malignant
103136,Epithelial
103137,Malignant
103138,Malignant
103140,Malignant
103141,T
103143,T
103146,Malignant
103147,Malignant
103150,Malignant
103151,Malignant
103154,Macrophage
103156,Malignant
103158,Malignant
103159,Malignant
103162,Malignant
103164,Malignant
103165,Malignant
103170,Malignant
103173,Malignant
103174,Malignant
103178,Malignant
103180,Malignant
103181,Malignant
103185,Malignant
103186,Malignant
103191,Malignant
103193,Malignant
103198,Malignant
103203,Malignant
103204,T
103205,Malignant
103206,Malignant
103207,Epithelial
103211,Malignant
103213,T
103214,Malignant
103215,Malignant
103216,Malignant
103217,Macrophage
103220,Malignant
103223,Malignant
103224,Macrophage
103225,Malignant
103227,Epithelial
103229,Malignant
103230,Malignant
103242,Macrophage
103243,Macrophage
103247,Malignant
103250,Fibroblast
103253,Malignant
103254,Macrophage
103257,Malignant
103261,Endothelial
103262,Macrophage
103265,Malignant
103267,T
103269,Malignant
103270,Endothelial
103271,Macrophage
103272,Macrophage
103273,Malignant
103274,Malignant
103278,Malignant
103280,Macrophage
103285,T
103286,Macrophage
103292,Epithelial
103294,Epithelial
103301,T
103302,Plasma
103303,Epithelial
103304,Macrophage
103306,Malignant
103308,Macrophage
103310,Malignant
103311,Malignant
103312,T
103313,Malignant
103314,T
103315,Epithelial
103316,Macrophage
103317,Malignant
103319,T
103320,B
103323,Macrophage
103324,Endothelial
103327,T
103330,T
103332,T
103333,Macrophage
103334,T
103335,T
103336,T
103337,Macrophage
103338,Endothelial
103341,Malignant
103342,T
103344,T
103347,Macrophage
103348,T
103350,T
103352,Macrophage
103353,Endothelial
103355,Macrophage
103358,T
103360,T
103363,Macrophage
103367,T
103368,T
103369,T
103370,Macrophage
103371,T
103372,T
103376,Macrophage
103377,T
103378,Macrophage
103379,T
103382,Macrophage
103384,Macrophage
103385,T
103387,T
103388,T
103389,T
103392,Macrophage
103393,Macrophage
103394,T
103395,T
103397,Macrophage
103400,Macrophage
103401,Endothelial
103402,Fibroblast
103407,Macrophage
103409,Macrophage
103410,Macrophage
103411,T
103413,T
103414,T
103415,T
103416,Endothelial
103417,T
103418,Macrophage
103419,T
103420,Macrophage
103421,T
103422,T
103425,T
103426,T
103427,Plasma
103431,Fibroblast
103433,Macrophage
103434,Macrophage
103436,Epithelial
103441,Macrophage
103444,Plasma
103449,T
103450,T
103451,Macrophage
103452,T
103453,T
103454,T
103455,Macrophage
103456,T
103457,T
103459,T
103460,T
103462,Macrophage
103465,T
103466,Macrophage
103469,Myeloid
103473,Macrophage
103475,Malignant
103476,T
103477,T
103478,Malignant
103479,Malignant
103480,T
103481,T
103483,Malignant
103484,Macrophage
103485,Macrophage
103487,T
103492,Macrophage
103493,Endothelial
103496,Macrophage
103497,T
103498,Myeloid
103499,Malignant
103502,Endothelial
103503,T
103504,Endothelial
103505,Malignant
103508,Endothelial
103510,Endothelial
103511,T
103512,Macrophage
103513,Macrophage
103514,T
103515,T
103520,Macrophage
103521,T
103523,T
103524,Endothelial
103527,T
103528,T
103531,B
103534,T
103535,T
103539,Endothelial
103540,T
103542,Macrophage
103543,Macrophage
103544,T
103545,Malignant
103548,T
103551,Macrophage
103552,T
103553,T
103555,Plasma
103556,Fibroblast
103559,T
103560,B
103562,B
103563,Fibroblast
103565,Fibroblast
103567,T
103568,T
103569,Fibroblast
103570,Macrophage
103572,T
103575,B
103576,T
103577,T
103578,Macrophage
103580,Macrophage
103583,T
103585,T
103586,Fibroblast
103587,Fibroblast
103588,Plasma
103590,Macrophage
103593,Macrophage
103594,Endothelial
103597,T
103600,T
103603,Macrophage
103607,Macrophage
103608,T
103609,T
103610,Malignant
103612,T
103616,Macrophage
103617,T
103618,Macrophage
103619,T
103620,T
103623,T
103624,T
103625,Myeloid
103626,T
103629,Malignant
103630,T
103631,Macrophage
103634,Macrophage
103635,Macrophage
103644,T
103646,Plasma
103647,Macrophage
103648,T
103650,Malignant
103651,Fibroblast
103652,T
103656,T
103659,Endothelial
103660,Fibroblast
103661,T
103662,T
103663,Endothelial
103664,T
103666,T
103669,T
103671,T
103674,T
103675,Malignant
103676,T
103679,Fibroblast
103680,Malignant
103681,T
103682,Malignant
103683,Malignant
103684,Malignant
103685,Macrophage
103686,Fibroblast
103687,Malignant
103688,T
103689,Macrophage
103691,Fibroblast
103693,T
103695,Malignant
103696,Fibroblast
103697,Malignant
103699,T
103700,Malignant
103702,Fibroblast
103706,T
103707,T
103708,T
103712,Malignant
103713,T
103714,Macrophage
103716,Macrophage
103718,T
103719,Malignant
103721,Malignant
103724,B
103725,Malignant
103728,T
103729,Malignant
103730,Fibroblast
103731,T
103734,T
103735,T
103737,T
103738,T
103739,Malignant
103740,T
103741,T
103744,T
103745,Malignant
103746,T
103747,T
103751,Malignant
103752,T
103754,Fibroblast
103755,T
103756,T
103758,T
103761,T
103762,Malignant
103763,Macrophage
103764,T
103766,T
103767,Fibroblast
103769,T
103770,Macrophage
103771,Macrophage
103772,Macrophage
103775,Malignant
103777,Fibroblast
103778,Malignant
103779,T
103780,Malignant
103781,T
103782,Macrophage
103784,Macrophage
103785,Macrophage
103786,Fibroblast
103790,Malignant
103792,T
103793,Malignant
103794,T
103795,T
103799,Malignant
103802,Macrophage
103803,Macrophage
103805,Fibroblast
103809,Malignant
103811,Malignant
103812,Fibroblast
103815,T
103816,Malignant
103818,Malignant
103819,T
103822,Fibroblast
103823,T
103824,Endothelial
103825,Fibroblast
103826,Malignant
103827,Myeloid
103832,Malignant
103833,T
103836,Malignant
103838,Fibroblast
103840,Malignant
103842,Fibroblast
103844,T
103845,Fibroblast
103847,Fibroblast
103848,T
103849,Macrophage
103852,Malignant
103855,Malignant
103856,Macrophage
103857,T
103858,Macrophage
103859,Fibroblast
103862,Malignant
103863,Malignant
103866,Fibroblast
103867,Fibroblast
103869,Malignant
103870,Malignant
103871,Malignant
103872,T
103874,Malignant
103876,Malignant
103878,Malignant
103883,Malignant
103888,Fibroblast
103889,Fibroblast
103891,Malignant
103892,Malignant
103915,T
103916,Myeloid
103918,T
103920,T
103923,Malignant
103925,Malignant
103927,Epithelial
103928,T
103929,Epithelial
103932,T
103936,Malignant
103937,Epithelial
103940,T
103944,T
103945,Malignant
103946,Epithelial
103947,T
103948,T
103952,T
103954,Malignant
103955,T
103957,T
103960,Epithelial
103961,Malignant
103962,T
103968,T
103970,Plasma
103971,T
103972,T
103976,Macrophage
103978,T
103979,T
103980,T
103982,T
103984,Malignant
103986,T
103991,T
103993,Epithelial
103995,T
103996,T
103999,Endothelial
104000,Macrophage
104001,Malignant
104005,Malignant
104006,T
104007,T
104008,T
104009,B
104010,Malignant
104011,T
104012,T
104014,T
104015,T
104017,T
104022,T
104023,Macrophage
104024,T
104030,T
104034,T
104035,Epithelial
104037,T
104039,T
104040,T
104043,T
104044,T
104045,Malignant
104049,T
104054,Epithelial
104056,T
104058,T
104059,T
104061,T
104062,T
104064,T
104065,T
104067,T
104068,Epithelial
104069,T
104071,T
104072,T
104074,T
104075,T
104077,T
104078,T
104081,T
104085,Malignant
104086,T
104087,T
104092,Epithelial
104093,T
104096,Macrophage
104101,Malignant
104105,Macrophage
104106,Epithelial
104109,T
104110,T
104112,T
104115,Myeloid
104118,T
104119,T
104120,Macrophage
104123,T
104126,Macrophage
104128,T
104129,T
104130,T
104134,T
104137,T
104138,Epithelial
104140,Macrophage
104142,Epithelial
104143,Macrophage
104146,T
104149,Macrophage
104150,T
104151,T
104153,T
104154,T
104155,T
104158,T
104160,T
104162,T
104165,Macrophage
104166,T
104167,Macrophage
104168,T
104169,T
104170,T
104172,T
104173,T
104175,T
104176,Plasma
104177,T
104180,T
104182,Macrophage
104184,T
104188,T
104189,T
104190,T
104191,T
104192,T
104193,Macrophage
104194,T
104196,T
104201,T
104205,T
104206,T
104207,T
104208,T
104209,T
104212,T
104213,T
104216,T
104219,T
104220,T
104221,T
104222,T
104223,Macrophage
104224,T
104225,T
104228,T
104229,T
104230,T
104231,Fibroblast
104232,T
104233,T
104234,T
104240,T
104241,T
104242,T
104243,T
104246,T
104248,T
104249,Macrophage
104251,B
104253,T
104255,Macrophage
104256,T
104260,T
104261,T
104262,T
104266,Macrophage
104267,T
104268,T
104270,T
104273,T
104274,T
104276,T
104277,T
104278,T
104279,T
104280,T
104281,T
104282,T
104283,T
104286,T
104292,T
104295,T
104296,T
104298,T
104299,T
104302,T
104306,T
104307,T
104308,T
104312,T
104314,Macrophage
104316,Fibroblast
104317,T
104318,T
104319,T
104321,Macrophage
104323,T
104325,Macrophage
104327,Macrophage
104329,T
104330,T
104331,T
104333,T
104334,T
104335,Macrophage
104337,T
104338,T
104339,T
104340,T
104341,T
104344,T
104346,T
104349,Myeloid
104350,Macrophage
104351,B
104353,Macrophage
104355,T
104359,Macrophage
104362,T
104364,Macrophage
104365,T
104366,T
104368,Fibroblast
104369,Endothelial
104371,Plasma
104372,T
104373,T
104377,Macrophage
104378,T
104379,T
104382,T
104383,T
104384,T
104385,Macrophage
104387,Macrophage
104389,T
104391,T
104392,T
104393,T
104394,T
104395,T
104396,T
104397,Endothelial
104398,T
104399,T
104400,T
104401,T
104407,Macrophage
104408,T
104412,T
104413,T
104414,T
104417,T
104419,T
104421,T
104423,Macrophage
104424,T
104425,T
104427,T
104429,T
104433,T
104435,T
104438,Macrophage
104439,T
104442,T
104445,T
104446,T
104447,T
104448,Macrophage
104450,Myeloid
104451,Macrophage
104452,T
104453,T
104455,Macrophage
104456,T
104457,T
104460,T
104462,T
104464,T
104466,T
104469,Macrophage
104470,T
104471,T
104474,T
104475,T
104476,T
104477,T
104482,Plasma
104484,T
104485,T
104486,T
104489,T
104490,T
104491,T
104494,T
104495,T
104497,T
104498,T
104500,T
104501,T
104506,T
104508,T
104509,T
104512,T
104517,Macrophage
104520,T
104525,T
104528,T
104529,T
104531,Plasma
104533,T
104536,T
104537,T
104539,T
104541,T
104545,T
104547,T
104548,T
104549,T
104550,T
104552,T
104553,T
104555,T
104556,Endothelial
104558,Macrophage
104560,Macrophage
104562,Plasma
104563,T
104566,Macrophage
104567,Endothelial
104571,T
104572,T
104575,B
104576,T
104582,T
104583,T
104585,T
104588,T
104589,T
104591,T
104592,T
104593,T
104598,T
104600,T
104601,T
104604,T
104606,Macrophage
104608,T
104609,T
104610,T
104611,T
104612,Macrophage
104613,Myeloid
104614,T
104617,T
104618,T
104620,T
104621,T
104622,Macrophage
104626,T
104630,Macrophage
104631,Macrophage
104634,T
104635,T
104636,Myeloid
104638,T
104641,T
104642,T
104643,T
104646,Macrophage
104648,T
104650,Macrophage
104651,Myeloid
104652,T
104654,T
104655,Macrophage
104656,T
104657,T
104659,T
104661,Macrophage
104662,T
104663,T
104665,T
104667,T
104668,Macrophage
104671,T
104674,T
104677,Myeloid
104678,T
104682,Fibroblast
104683,T
104687,T
104689,T
104690,Macrophage
104692,Macrophage
104693,Macrophage
104694,Fibroblast
104695,Macrophage
104697,Macrophage
104698,T
104699,T
104700,Macrophage
104702,Fibroblast
104703,T
104704,T
104706,Macrophage
104707,T
104711,Macrophage
104712,T
104713,T
104714,T
104715,T
104716,T
104717,T
104719,Macrophage
104720,T
104721,Macrophage
104722,Macrophage
104723,T
104724,T
104726,Macrophage
104727,T
104728,Macrophage
104729,Macrophage
104730,T
104732,Endothelial
104734,T
104735,T
104736,Malignant
104737,Macrophage
104738,Macrophage
104740,T
104741,Fibroblast
104742,Macrophage
104743,T
104745,T
104746,B
104748,Malignant
104749,T
104750,Macrophage
104751,T
104752,T
104754,Malignant
104755,Macrophage
104756,Macrophage
104757,Fibroblast
104758,T
104759,Fibroblast
104760,T
104761,T
104762,Macrophage
104763,T
104764,Fibroblast
104767,T
104771,T
104774,Fibroblast
104775,Malignant
104777,Macrophage
104779,T
104780,Endothelial
104784,Malignant
104786,T
104790,Fibroblast
104791,T
104794,Fibroblast
104795,T
104797,T
104798,Macrophage
104799,Malignant
104804,Macrophage
104807,T
104809,Fibroblast
104810,Fibroblast
104813,Macrophage
104814,Macrophage
104815,Endothelial
104817,Endothelial
104819,Malignant
104820,T
104822,T
104823,Malignant
104824,Malignant
104825,Macrophage
104826,Malignant
104827,Endothelial
104828,Macrophage
104830,T
104832,T
104833,Myeloid
104834,Macrophage
104836,Fibroblast
104837,Fibroblast
104841,Fibroblast
104842,Malignant
104843,T
104844,Malignant
104847,Macrophage
104848,Fibroblast
104849,Macrophage
104850,Fibroblast
104851,T
104853,Macrophage
104854,Macrophage
104855,T
104858,Malignant
104861,T
104862,Fibroblast
104863,Fibroblast
104864,Malignant
104865,Macrophage
104866,T
104871,Malignant
104872,T
104873,T
104874,Malignant
104875,Fibroblast
104876,Macrophage
104877,Malignant
104879,T
104880,T
104882,Fibroblast
104883,Fibroblast
104884,T
104887,Macrophage
104888,Malignant
104890,Malignant
104892,Endothelial
104894,Macrophage
104898,Fibroblast
104899,T
104900,Macrophage
104902,Macrophage
104903,Macrophage
104904,Malignant
104906,Fibroblast
104907,Malignant
104910,T
104911,Macrophage
104912,T
104914,Malignant
104915,Macrophage
104916,Malignant
104919,Malignant
104921,Malignant
104923,Fibroblast
104927,Plasma
104932,Macrophage
104933,Malignant
104936,Fibroblast
104938,Malignant
104939,Malignant
104940,Malignant
104945,Macrophage
104966,Endothelial
104976,T
105000,Endothelial
105008,T
105022,Fibroblast
105055,T
105080,Macrophage
105111,Fibroblast
105150,Macrophage
105166,Macrophage
105193,Macrophage
105207,T
105211,T
105226,T
105231,Macrophage
105253,T
105256,T
105263,Macrophage
105274,T
105300,T
105322,T
105344,Macrophage
105351,Macrophage
105362,Endothelial
105368,Fibroblast
105381,Myeloid
105394,T
105422,Macrophage
105469,Malignant
105472,Malignant
105511,Malignant
105553,Malignant
105576,Malignant
105606,Malignant
105658,T
111606,Plasma
111607,T
111608,Myeloid
111609,T
111610,Macrophage
111612,Myeloid
111615,T
111622,Macrophage
111625,T
111633,Plasma
111638,B
111641,T
111653,T
111657,Plasma
111662,Macrophage
111676,T
111679,T
111681,T
111685,T
111691,T
111694,Macrophage
111700,T
111705,Macrophage
111707,T
111708,Macrophage
111718,T
111722,T
111725,Macrophage
111728,Macrophage
111729,Macrophage
111737,T
111740,Myeloid
111741,Macrophage
111743,Macrophage
111745,T
111746,Macrophage
111748,Macrophage
111750,Macrophage
111758,Macrophage
111766,T
111767,Macrophage
111776,Macrophage
111780,T
111784,Macrophage
111791,T
111792,T
111793,Macrophage
111801,T
111802,T
111804,T
111806,Macrophage
111811,T
111815,Plasma
111816,T
111817,T
111819,Macrophage
111822,T
111823,Macrophage
111832,Macrophage
111843,T
111845,T
111852,T
111858,B
111860,T
111861,Macrophage
111866,Macrophage
111868,Macrophage
111871,T
111872,T
111885,T
111888,Myeloid
111893,Macrophage
111894,T
111898,Macrophage
111900,Macrophage
111905,T
111910,Macrophage
111914,T
111917,T
111918,T
111920,Macrophage
111921,T
111928,T
111930,T
111933,Fibroblast
111934,T
111938,T
111939,Macrophage
111940,Myeloid
111945,Myeloid
111946,T
111947,T
111948,T
111956,T
111957,Macrophage
111963,T
111964,T
111971,T
111977,Plasma
111978,T
111983,Myeloid
111985,Myeloid
111987,Myeloid
111991,T
111996,Fibroblast
111997,T
111998,T
112000,T
112004,Macrophage
112011,Macrophage
112013,T
112015,Macrophage
112018,Macrophage
112019,Macrophage
112021,Macrophage
112022,T
112024,Macrophage
112027,Macrophage
112032,T
112033,Macrophage
112035,Macrophage
112037,Macrophage
112038,T
112040,Macrophage
112041,T
112042,T
112043,Macrophage
112045,T
112049,T
112052,Macrophage
112054,Macrophage
112056,T
112057,Macrophage
112059,Macrophage
112061,Macrophage
112062,T
112064,T
112070,T
112073,Macrophage
112076,Macrophage
112077,Macrophage
112082,T
112083,Macrophage
112089,T
112092,T
112095,T
112099,Fibroblast
112104,Macrophage
112105,T
112107,T
112109,T
112110,T
112111,T
112112,Myeloid
112113,Macrophage
112117,T
112123,T
112124,T
112133,T
112134,T
112135,Macrophage
112137,T
112139,T
112145,Macrophage
112147,T
112150,T
112152,Macrophage
112154,Endothelial
112155,Macrophage
112158,Macrophage
112159,T
112161,Macrophage
112162,T
112163,T
112166,T
112170,Endothelial
112173,T
112177,Endothelial
112178,Endothelial
112180,Myeloid
112182,T
112184,Endothelial
112188,T
112189,T
112190,T
112191,T
112192,T
112196,B
112197,T
112199,T
112200,T
112201,T
112205,T
112209,T
112270,Malignant
112272,Malignant
112273,Macrophage
112274,Malignant
112275,Malignant
112278,Macrophage
112281,Fibroblast
112282,Malignant
112284,T
112285,Malignant
112288,Malignant
112294,T
112297,T
112298,Fibroblast
112299,Malignant
112302,T
112309,Macrophage
112311,Malignant
112313,Malignant
112316,T
112317,Macrophage
112320,T
112321,Macrophage
112322,Malignant
112323,Malignant
112324,Macrophage
112327,Macrophage
112328,Malignant
112329,Malignant
112330,T
112334,Endothelial
112343,Macrophage
112344,Macrophage
112345,Malignant
112347,Macrophage
112348,T
112349,T
112350,Macrophage
112354,Malignant
112356,Macrophage
112357,Malignant
112358,Malignant
112362,Malignant
112363,Macrophage
112364,Macrophage
112365,Malignant
112367,Malignant
112368,Macrophage
112371,Malignant
112373,Macrophage
112375,Malignant
112376,Macrophage
112378,Macrophage
112379,T
112381,Macrophage
112383,T
112386,Macrophage
112387,Fibroblast
112388,Myeloid
112390,Malignant
112399,Macrophage
112400,Macrophage
112402,Myeloid
112404,Fibroblast
112406,Malignant
112407,Endothelial
112410,Fibroblast
112413,Macrophage
112414,Fibroblast
112415,Macrophage
112416,T
112420,T
112421,Malignant
112422,Macrophage
112424,T
112425,T
112426,Fibroblast
112429,Macrophage
112432,T
112433,T
112434,Macrophage
112436,T
112437,Macrophage
112441,Malignant
112442,Malignant
112444,Macrophage
112445,Macrophage
112446,Macrophage
112447,Fibroblast
112448,Macrophage
112453,Fibroblast
112456,T
112457,Malignant
112459,Macrophage
112461,Macrophage
112462,Fibroblast
112463,T
112466,Macrophage
112467,Fibroblast
112470,Fibroblast
112472,Macrophage
112473,Macrophage
112474,Malignant
112477,Fibroblast
112478,Macrophage
112480,Malignant
112481,Macrophage
112484,T
112486,Macrophage
112488,Macrophage
112490,Malignant
112491,T
112493,Malignant
112497,T
112499,Macrophage
112500,Macrophage
112501,Macrophage
112503,T
112504,Myeloid
112505,Macrophage
112506,Fibroblast
112509,T
112514,Macrophage
112515,Malignant
112516,B
112517,Macrophage
112518,Fibroblast
112519,B
112520,T
112521,Malignant
112523,T
112524,Epithelial
112525,Macrophage
112526,Malignant
112527,T
112528,T
112529,T
112530,T
112531,T
112532,T
112533,T
112535,Macrophage
112541,T
112543,T
112544,Macrophage
112545,Macrophage
112547,Fibroblast
112548,T
112552,Malignant
112556,T
112557,Macrophage
112559,T
112560,Fibroblast
112561,T
112562,T
112563,T
112565,T
112566,T
112568,T
112569,T
112570,Fibroblast
112572,Malignant
112573,Macrophage
112575,Endothelial
112576,T
112577,Malignant
112578,T
112579,T
112580,Endothelial
112583,Macrophage
112585,T
112586,T
112587,Macrophage
112588,Macrophage
112589,Macrophage
112590,Malignant
112591,Malignant
112592,T
112595,T
112596,T
112597,B
112598,T
112599,T
112600,T
112602,T
112603,T
112604,T
112605,T
112606,Macrophage
112607,Endothelial
112608,Macrophage
112612,Macrophage
112614,T
112615,Malignant
112616,B
112617,T
112618,Macrophage
112619,Myeloid
112623,Plasma
112624,T
112625,Macrophage
112626,Macrophage
112627,T
112628,T
112633,T
112635,Macrophage
112636,T
112638,Malignant
112641,T
112642,T
112643,T
112644,T
112645,Macrophage
112646,Fibroblast
112647,T
112648,T
112649,T
112650,T
112651,T
112652,T
112653,T
112654,T
112655,T
112656,Macrophage
112657,T
112659,T
112662,T
112664,T
112667,T
112668,T
112669,T
112672,T
112673,T
112674,T
112677,T
112678,T
112679,T
112680,T
112681,Macrophage
112682,T
112683,Macrophage
112684,T
112685,T
112687,Macrophage
112688,Macrophage
112689,Endothelial
112690,T
112691,T
112692,Macrophage
112693,T
112694,Macrophage
112695,T
112698,Myeloid
112701,T
112704,Myeloid
112707,T
112709,T
112711,T
112712,T
112713,T
112716,T
112720,T
112721,T
112722,Fibroblast
112724,T
112725,Macrophage
112726,Fibroblast
112727,Macrophage
112728,Malignant
112729,T
112730,T
112731,B
112732,B
112733,T
112734,B
112735,T
112739,T
112742,T
112743,B
112745,T
112747,T
112748,T
112749,T
112750,T
112753,T
112755,Macrophage
112756,T
112757,Macrophage
112758,T
112761,T
112762,T
112763,T
112764,T
112765,T
112767,Myeloid
112769,T
112770,T
112771,B
112773,T
112774,T
112776,Macrophage
112777,Macrophage
112780,T
112782,Fibroblast
112783,T
112784,T
112785,T
112786,T
112787,Plasma
112788,T
112789,Macrophage
112790,T
112791,T
112792,T
112795,Macrophage
112796,Macrophage
112798,T
112799,T
112800,T
112802,Endothelial
112804,Macrophage
112805,T
112806,Macrophage
112807,T
112808,T
112812,T
112813,T
112814,T
112816,T
112819,T
112820,T
112825,T
112827,T
112828,T
112831,T
112832,T
112833,Endothelial
112834,T
112835,T
112838,T
112839,Myeloid
112840,T
112841,T
112842,Macrophage
112843,T
112844,T
112850,Macrophage
112852,T
112857,Endothelial
112858,T
112859,T
112860,T
112863,T
112865,T
112868,T
112869,T
112870,Macrophage
112871,T
112872,Macrophage
112874,T
112875,Macrophage
112876,Macrophage
112878,Macrophage
112880,Macrophage
112881,T
113107,Malignant
113108,Malignant
113109,Malignant
113110,Malignant
113117,Malignant
113118,Malignant
113121,Malignant
113122,Malignant
113125,Malignant
113127,Malignant
113128,Malignant
113129,Malignant
113130,Fibroblast
113132,Malignant
113134,Fibroblast
113135,Malignant
113138,Endothelial
113142,Malignant
113143,Malignant
113148,Malignant
113155,Malignant
113156,Malignant
113157,Malignant
113158,Malignant
113160,T
113163,T
113166,Malignant
113167,Macrophage
113171,Fibroblast
113173,Fibroblast
113175,B
113176,Macrophage
113179,Fibroblast
113180,Malignant
113183,Malignant
113189,Fibroblast
113190,Malignant
113191,Malignant
113192,Macrophage
113194,Malignant
113195,Malignant
113196,Malignant
113197,Malignant
113198,Malignant
113199,Malignant
113200,Malignant
113203,T
113204,Malignant
113205,Malignant
113207,T
113209,Macrophage
113210,Malignant
113211,T
113212,Malignant
113214,Macrophage
113215,Malignant
113217,Malignant
113221,Fibroblast
113222,Malignant
113223,Macrophage
113224,Malignant
113226,Fibroblast
113228,Malignant
113229,Fibroblast
113230,Malignant
113231,Malignant
113234,Macrophage
113235,T
113237,Macrophage
113238,Malignant
113239,Endothelial
113240,Malignant
113241,Malignant
113242,Malignant
113243,Macrophage
113244,Fibroblast
113247,Malignant
113248,Malignant
113249,T
113253,Epithelial
113257,Macrophage
113258,Malignant
113259,Malignant
113260,Malignant
113263,Epithelial
113264,Malignant
113266,Malignant
113267,T
113269,Malignant
113272,Fibroblast
113273,Fibroblast
113274,Macrophage
113276,B
113278,Malignant
113281,T
113282,Fibroblast
113284,Macrophage
113285,T
113286,Fibroblast
113287,Macrophage
113289,T
113294,Macrophage
113298,Malignant
113299,Macrophage
113301,Macrophage
113302,Macrophage
113303,Fibroblast
113304,Macrophage
113305,Macrophage
113307,Fibroblast
113308,T
113309,T
113312,B
113313,T
113314,Malignant
113315,Malignant
113317,Macrophage
113318,Macrophage
113319,T
113321,Macrophage
113322,T
113323,Endothelial
113325,Endothelial
113326,T
113329,Malignant
113330,Malignant
113332,Macrophage
113333,Macrophage
113336,Macrophage
113338,Malignant
113339,Macrophage
113342,T
113344,T
113346,Fibroblast
113347,T
113348,Macrophage
113349,T
113350,T
113352,T
113354,T
113355,T
113358,T
113359,Epithelial
113360,Macrophage
113361,T
113362,T
113364,T
113367,T
113368,T
113369,T
113370,T
113371,Macrophage
113372,T
113374,T
113375,Macrophage
113377,T
113378,Fibroblast
113381,T
113385,T
113386,T
113390,T
113392,Macrophage
113393,T
113395,T
113396,T
113397,Macrophage
113398,T
113400,T
113401,B
113403,T
113404,T
113405,T
113407,T
113409,T
113413,T
113415,T
113416,T
113419,T
113420,T
113422,T
113423,Macrophage
113424,Plasma
113425,T
113426,Endothelial
113427,T
113430,T
113431,T
113432,T
113435,T
113436,T
113438,Macrophage
113441,Macrophage
113443,Macrophage
113444,T
113446,T
113449,T
113450,T
113453,T
113454,T
113455,Macrophage
113456,Macrophage
113457,T
113458,T
113459,T
113460,T
113462,T
113463,T
113467,T
113468,T
113469,Macrophage
113471,T
113476,Macrophage
113481,T
113483,B
113485,T
113486,Macrophage
113487,T
113488,T
113489,T
113491,T
113492,T
113493,B
113494,T
113496,B
113498,Plasma
113499,T
113500,T
113501,T
113503,T
113504,Macrophage
113505,T
113506,Endothelial
113509,B
113510,T
113511,Macrophage
113513,T
113515,T
113516,T
113517,T
113518,T
113520,T
113522,T
113524,T
113525,T
113527,T
113530,T
113531,T
113534,T
113535,T
113537,Myeloid
113539,T
113540,T
113544,Endothelial
113546,T
113549,Endothelial
113550,T
113552,T
113553,T
113554,T
113556,T
113557,T
113558,T
113559,T
113560,Macrophage
113562,T
113564,T
113567,Macrophage
113568,T
113574,Macrophage
113575,Macrophage
113576,T
113580,T
113582,T
113583,T
113584,T
113586,T
113587,T
113589,T
113592,T
113598,T
113599,T
113600,T
113604,T
113605,T
113606,T
113608,T
113609,T
113611,T
113612,T
113614,T
113617,T
113619,Endothelial
113620,T
113622,T
113623,T
113624,T
113625,T
113627,Macrophage
113631,T
113633,T
113634,B
113636,T
113637,B
113638,T
113644,B
113645,T
113647,Macrophage
113649,T
113650,T
113652,T
113654,B
113657,T
113658,T
113659,T
113660,T
113665,T
113666,T
113668,Macrophage
113669,T
113670,T
113674,Macrophage
113677,T
113678,T
113680,T
113682,T
113683,T
113684,T
113687,T
113688,T
113689,T
113690,Malignant
113691,T
113692,T
113693,T
113695,T
113696,T
113699,T
113700,T
113703,T
113707,T
113709,T
113710,T
113713,T
113714,T
113716,T
113719,T
113721,T
113723,T
113724,Macrophage
113725,T
113727,Malignant
113728,Macrophage
113731,T
113734,T
113735,Macrophage
113737,T
113740,Macrophage
113744,T
113749,T
113751,B
113753,T
113754,Macrophage
113756,T
113758,T
113759,T
113763,B
113764,T
113765,T
113766,T
113767,T
113769,T
113771,Malignant
113773,T
113774,T
113777,T
113778,T
113782,T
113784,T
113788,Endothelial
113792,T
113794,Malignant
113795,T
113799,T
113802,T
113803,T
113804,T
113805,T
113806,T
113810,T
113811,T
113813,T
113814,T
113816,T
113817,Myeloid
113818,Macrophage
113819,B
113822,T
113824,T
113826,T
113827,T
113829,T
113831,T
113832,T
113833,T
113836,T
113837,T
113839,Macrophage
113844,T
113848,Macrophage
113850,B
113851,T
113855,T
113856,B
113857,T
113860,T
113861,Malignant
113867,T
113869,T
113872,T
113873,T
113879,T
113880,B
113882,T
113883,T
113885,Macrophage
113886,B
113887,T
113889,Malignant
113890,T
113891,T
113893,T
113895,T
113896,Malignant
113897,T
113898,T
113899,T
113901,T
113904,T
113905,T
113906,T
113912,T
113914,T
113915,T
113916,T
113917,T
113919,B
113921,T
113922,T
113923,Macrophage
113924,T
113925,T
81421,T
81426,Macrophage
81433,T
81434,Endothelial
81438,T
81440,T
81441,Endothelial
81447,T
81453,T
81463,Fibroblast
81478,Endothelial
81479,T
114247,Malignant
114248,Fibroblast
81482,Macrophage
114249,Malignant
114251,Malignant
114252,Malignant
114254,T
114255,Malignant
114256,Fibroblast
81489,Endothelial
114257,Malignant
114258,Endothelial
114259,Malignant
114260,Malignant
114263,Endothelial
114265,Fibroblast
114266,Malignant
114267,Malignant
114268,Malignant
114269,Malignant
114271,Malignant
81506,T
114275,Malignant
114277,Malignant
81511,Endothelial
114279,Macrophage
114281,Malignant
114282,Malignant
114284,T
114286,Malignant
81519,Macrophage
81520,T
114288,Fibroblast
114287,Malignant
114291,Malignant
114290,Macrophage
114294,Malignant
114295,Fibroblast
81528,T
114296,Malignant
81530,Myeloid
81531,Endothelial
114299,Fibroblast
114297,Malignant
114302,T
81535,Endothelial
114303,B
114304,Macrophage
81538,Plasma
114305,Myeloid
114306,Malignant
114309,T
114310,Macrophage
114312,Macrophage
114313,Macrophage
114315,Malignant
114316,Macrophage
114317,Macrophage
114318,B
81551,T
114320,T
114321,Macrophage
114322,T
114323,Malignant
114324,Fibroblast
114325,Malignant
114326,Macrophage
114330,Fibroblast
81563,T
81565,Myeloid
81567,T
114337,T
114338,Malignant
114339,Malignant
114340,Macrophage
114342,Macrophage
81575,Fibroblast
114343,Malignant
114344,Endothelial
81578,T
114345,Macrophage
114346,Malignant
114349,Macrophage
114350,T
114352,T
114354,Malignant
114355,T
114357,Endothelial
114358,Fibroblast
114359,Macrophage
114361,Fibroblast
114362,Fibroblast
114364,B
81598,T
114366,Malignant
114369,Macrophage
114370,Malignant
114372,Macrophage
114373,Macrophage
114374,Macrophage
114375,Malignant
81608,Macrophage
81609,Fibroblast
81610,Myeloid
114379,Macrophage
81612,Endothelial
114381,Fibroblast
114382,Malignant
114376,Fibroblast
81618,T
114386,Macrophage
114389,Fibroblast
81621,T
114391,T
81625,T
114393,Macrophage
114395,Macrophage
81630,Fibroblast
114398,Macrophage
114401,Malignant
81634,Macrophage
114402,Malignant
114403,Malignant
114404,T
114406,Malignant
81640,Fibroblast
114408,Macrophage
114410,Malignant
81644,Plasma
81645,B
81646,B
114413,Malignant
114416,Malignant
81648,Myeloid
114415,T
81651,T
81652,Endothelial
114421,T
114422,Malignant
81653,T
114417,T
81657,T
114418,T
114420,Malignant
114425,Malignant
114429,Malignant
114430,Malignant
114431,T
114432,T
81662,T
114427,Macrophage
114434,Malignant
81667,Macrophage
114428,T
81669,Macrophage
81670,T
81671,Fibroblast
114440,Malignant
114441,T
81672,Macrophage
114443,Malignant
114437,Plasma
114439,Myeloid
114442,Macrophage
114447,Fibroblast
114444,Fibroblast
81681,T
81682,Macrophage
114451,Endothelial
114452,Malignant
114446,Fibroblast
81687,Plasma
81688,Myeloid
114455,Macrophage
114457,Malignant
114458,T
114460,Malignant
114463,Malignant
81696,Plasma
114464,Malignant
114465,Malignant
81699,Endothelial
81700,B
81701,T
114468,Malignant
114467,T
114472,T
114474,Malignant
81707,T
81708,Endothelial
114476,Endothelial
81710,T
81711,T
114477,T
114478,T
114479,T
114482,Fibroblast
114480,T
114485,Endothelial
114481,Fibroblast
114487,Fibroblast
114488,Malignant
114490,Macrophage
114491,Endothelial
81725,T
114493,B
114495,T
114496,Macrophage
81729,Myeloid
114494,Fibroblast
114497,T
81732,Macrophage
114500,Macrophage
114501,Fibroblast
81735,T
114498,Malignant
114505,Malignant
114507,Myeloid
81740,T
114509,T
114510,Macrophage
81743,T
114512,Fibroblast
114511,Malignant
81746,Myeloid
81747,Macrophage
114515,T
114514,Fibroblast
114516,T
114517,Malignant
81752,Myeloid
114520,T
114521,Malignant
81755,T
114524,Endothelial
114525,T
81758,Myeloid
114526,Malignant
114528,Malignant
114529,Malignant
114527,T
81764,T
114533,T
114534,Macrophage
81768,T
114536,Malignant
81771,Macrophage
81772,T
114539,T
114542,Macrophage
114540,Malignant
114541,B
114543,Malignant
114546,T
114544,Malignant
114545,Malignant
81780,Endothelial
81781,Macrophage
81782,T
114548,T
81784,T
81785,Macrophage
114553,T
81787,Myeloid
81788,Myeloid
114550,T
114551,Malignant
81791,Macrophage
114560,Malignant
114561,Malignant
114554,T
114557,T
81796,T
114564,T
81798,Myeloid
114566,Fibroblast
81800,Fibroblast
114569,Malignant
114571,T
114567,T
114570,Macrophage
114572,Endothelial
81805,Fibroblast
81806,Plasma
114577,T
114578,Macrophage
81807,T
81808,Endothelial
114581,T
114574,T
114575,Fibroblast
81811,Macrophage
114585,T
81812,Endothelial
114579,Malignant
81814,T
114580,B
114582,Macrophage
114583,T
114586,T
81819,T
114588,Macrophage
114589,T
114587,T
114590,Malignant
81826,Macrophage
114591,T
114593,T
114598,Malignant
81831,T
81832,T
114600,Fibroblast
114603,Macrophage
81837,T
114605,Fibroblast
114606,T
114607,T
114608,Fibroblast
114609,T
114612,Endothelial
114614,T
114615,Macrophage
114616,Macrophage
114617,T
114618,Macrophage
114620,T
114621,Endothelial
114622,Fibroblast
114625,Fibroblast
114629,Malignant
114631,T
114632,Macrophage
114633,T
114634,Malignant
114639,Endothelial
114640,Endothelial
114642,Macrophage
114643,Fibroblast
114644,T
114645,Macrophage
114646,Malignant
114648,Fibroblast
114649,Macrophage
114653,T
114657,T
114658,Endothelial
114659,Macrophage
114661,Malignant
114662,T
114664,T
114665,T
114670,T
114671,Macrophage
114673,Fibroblast
114675,Myeloid
114676,Fibroblast
114678,T
114680,T
114872,T
114900,Macrophage
114928,T
82176,T
82183,T
82184,T
82186,T
82189,Myeloid
82190,T
82191,Endothelial
114957,Fibroblast
82193,T
82195,T
82196,T
82197,T
82198,Macrophage
82199,T
82200,T
82204,T
82206,T
82207,Endothelial
82208,Macrophage
82212,Myeloid
82213,B
82214,Macrophage
82218,T
82222,Macrophage
82224,T
82225,T
82226,B
82228,T
82229,T
82230,T
82232,T
82233,Myeloid
82235,T
82236,T
82237,T
82238,T
82240,T
82242,Endothelial
82244,T
82245,T
82248,T
82251,T
82252,Myeloid
82256,T
82260,Macrophage
82261,T
82262,T
82263,T
82264,B
82265,T
82267,T
82268,T
82269,Macrophage
82270,T
82271,T
82272,T
82274,Endothelial
82275,Macrophage
82276,T
115043,Endothelial
82278,Endothelial
82280,T
82281,T
82282,Macrophage
82283,T
82285,Myeloid
82286,Macrophage
82288,Macrophage
82289,T
82290,T
82291,Macrophage
82292,T
82293,T
82294,T
82295,T
82296,T
115061,Malignant
82298,T
115064,Endothelial
82301,Macrophage
82302,T
82305,T
82308,T
82309,T
82310,Macrophage
82315,Plasma
82316,T
82317,Endothelial
82320,Macrophage
82321,T
82322,T
82324,T
82327,T
82328,T
82329,Endothelial
82330,T
82331,T
82333,Macrophage
82336,Myeloid
115105,Malignant
82338,T
82340,Myeloid
82341,Macrophage
82342,T
82346,T
82347,Endothelial
82348,T
82350,T
82351,T
82352,Fibroblast
82353,T
82354,T
82355,Myeloid
82356,T
82357,Endothelial
82358,T
82359,T
82360,Fibroblast
82361,T
82362,T
82363,T
82364,T
115124,Malignant
82367,T
82368,T
82370,T
82371,T
82374,T
82376,T
82378,T
82380,Fibroblast
82381,T
82383,T
82384,Macrophage
82385,T
82386,T
82387,Macrophage
82388,Myeloid
82389,T
82390,Macrophage
82391,Fibroblast
82393,T
82394,Macrophage
82396,Macrophage
82397,T
82398,T
82399,T
82400,T
82401,T
82403,Macrophage
82405,Myeloid
82406,T
82407,Macrophage
82408,Macrophage
82409,T
82410,Endothelial
82412,T
82413,T
82414,T
82416,T
82417,Macrophage
82418,T
82419,T
82420,T
115184,Fibroblast
82422,Fibroblast
82423,T
82425,T
82426,T
82427,Macrophage
82428,T
82429,T
82430,T
82431,T
82432,T
82437,T
82439,T
82442,T
82443,T
82444,T
82445,T
82446,T
82447,T
82448,T
82451,Macrophage
82452,Endothelial
82453,T
82454,Endothelial
82456,T
82457,T
82459,T
82460,Fibroblast
82461,Fibroblast
82463,Fibroblast
82464,T
82465,T
82466,Macrophage
115232,Macrophage
115233,T
82471,Macrophage
82472,T
82473,T
82475,Fibroblast
82477,T
82479,Macrophage
82480,Macrophage
82481,Macrophage
82482,Epithelial
82483,Macrophage
82486,Macrophage
82487,Malignant
82488,Epithelial
82489,Malignant
82490,T
82491,Malignant
82492,Macrophage
82494,Malignant
82496,Malignant
82498,T
82499,Macrophage
82500,Malignant
82501,Malignant
82503,T
82505,T
82506,Malignant
115273,Macrophage
82509,T
82512,Malignant
82513,Fibroblast
82514,Malignant
115282,T
82516,T
82517,T
82518,Macrophage
82521,Malignant
82525,T
82526,T
82532,T
82533,Fibroblast
82536,Malignant
82537,Fibroblast
82540,T
115309,Endothelial
115312,T
82545,Macrophage
82546,B
82547,Macrophage
82549,T
82553,Malignant
82554,Macrophage
82555,T
82556,Macrophage
82562,Macrophage
82563,Malignant
82566,T
82567,Malignant
115334,Myeloid
82569,Malignant
82571,Malignant
82573,T
82574,Macrophage
82575,T
82576,Malignant
82577,Macrophage
82578,Macrophage
82579,Fibroblast
115341,Macrophage
82581,T
82582,Macrophage
82583,Macrophage
115347,T
82585,Malignant
82586,T
82591,Macrophage
82596,Malignant
82597,T
115364,Macrophage
82600,Macrophage
82601,Malignant
82602,Malignant
82603,Macrophage
115371,Macrophage
82605,T
82606,Malignant
115375,Macrophage
82611,Malignant
82614,T
82615,Macrophage
82616,T
82617,Malignant
82620,Macrophage
82622,Macrophage
82624,T
82625,Macrophage
82626,Macrophage
82628,Macrophage
82629,Malignant
82630,Macrophage
82633,Malignant
82634,Malignant
82635,T
82636,T
82638,Malignant
82639,Macrophage
82640,T
82643,T
82644,Malignant
82645,Malignant
82646,Malignant
82647,Malignant
82648,Malignant
82649,T
82651,Macrophage
82652,Malignant
82656,T
82657,Macrophage
82661,Macrophage
82662,Malignant
82666,Malignant
82668,T
82670,Malignant
82671,Macrophage
82672,Malignant
82673,Malignant
82676,Malignant
82679,Fibroblast
82681,T
82686,Malignant
82687,Malignant
82689,Malignant
82690,Malignant
82692,Macrophage
82693,Malignant
82694,Malignant
82695,Malignant
82696,Malignant
82697,Malignant
82704,Malignant
82705,Malignant
82709,Macrophage
82712,Malignant
82714,Malignant
82717,Malignant
82719,Malignant
82720,Malignant
82721,Macrophage
82722,Macrophage
82724,Malignant
82727,Malignant
82906,Fibroblast
82907,Macrophage
82910,Myeloid
82912,T
82913,Malignant
82916,Malignant
82918,Macrophage
82919,T
82920,Fibroblast
82921,T
82922,T
82923,Macrophage
82927,T
82931,T
82932,T
82934,Macrophage
82935,T
82937,Macrophage
82938,Malignant
82939,Fibroblast
82940,T
82941,T
82942,T
82943,Macrophage
82944,Endothelial
82945,Fibroblast
82947,T
82949,Macrophage
82950,T
82951,Fibroblast
82956,Macrophage
82957,T
82958,T
82959,T
82960,T
82961,T
82963,Fibroblast
82965,Macrophage
82966,Macrophage
82967,T
82968,T
82972,T
82973,Macrophage
82974,T
82975,Macrophage
82977,T
82978,B
82979,Macrophage
82980,T
82982,T
82983,T
82984,T
82986,Fibroblast
82987,T
82988,T
82989,T
82990,T
82991,Myeloid
82992,T
82994,Fibroblast
82995,T
82996,Macrophage
82997,Macrophage
82998,T
83001,T
83003,Macrophage
83004,T
83005,T
83009,T
83011,T
83014,B
83016,T
83019,T
83021,Macrophage
83022,Macrophage
83024,Macrophage
83025,T
83026,T
83027,T
83028,T
83029,T
83031,T
83032,Macrophage
83036,T
83037,T
83038,Macrophage
83039,Endothelial
83040,T
83041,T
83042,Macrophage
83044,T
83046,B
83048,T
83050,Macrophage
83052,T
83054,Endothelial
83055,Macrophage
83056,T
83057,T
83058,T
83059,Fibroblast
83060,T
83061,Macrophage
83062,T
83064,T
83065,T
83066,Macrophage
83068,T
83070,Myeloid
83071,Macrophage
83072,T
83076,Macrophage
83077,Macrophage
83078,Macrophage
83079,Fibroblast
83080,T
83081,T
83082,Macrophage
83083,Fibroblast
83087,T
83091,Macrophage
83093,Macrophage
83096,T
83097,T
83099,T
83100,Macrophage
83101,T
83106,T
83107,T
83108,Macrophage
83109,T
83111,Myeloid
83113,T
83114,T
83115,T
83117,Macrophage
83118,T
83120,Macrophage
83121,Macrophage
83122,Myeloid
83124,Macrophage
83125,T
83126,T
83127,T
83128,Endothelial
83129,Macrophage
83130,T
83131,B
83132,T
83133,Macrophage
83136,T
83137,Macrophage
83138,Macrophage
83139,T
83140,Macrophage
83142,T
83145,Myeloid
83146,T
83147,Myeloid
83148,T
83151,T
83152,Fibroblast
83153,T
83155,T
83158,Macrophage
83159,Macrophage
83162,Plasma
83165,Macrophage
83167,T
83169,Macrophage
83171,Macrophage
83172,Macrophage
83173,T
83174,Macrophage
83175,Plasma
83176,Macrophage
83177,Macrophage
83178,T
83179,Plasma
83181,T
83182,T
83185,T
83186,Macrophage
83187,Macrophage
83189,Macrophage
83190,Macrophage
83194,Macrophage
83195,Macrophage
83197,T
83199,Macrophage
83201,Fibroblast
83203,T
83204,T
83206,Endothelial
83209,Myeloid
83212,Macrophage
83213,T
83214,T
83216,Macrophage
83217,T
83218,T
83219,Macrophage
83220,Macrophage
83221,T
83222,T
83224,T
83226,Macrophage
83227,Fibroblast
83228,Macrophage
83229,T
83230,Fibroblast
83231,Macrophage
83233,Macrophage
83234,T
83235,Macrophage
83237,Endothelial
83238,T
83239,Macrophage
83240,T
83242,Endothelial
83243,T
83244,T
83246,Macrophage
83248,Macrophage
83250,Endothelial
83251,Endothelial
83253,Macrophage
83255,B
83258,Fibroblast
83260,Macrophage
83262,Macrophage
83265,Macrophage
83267,Macrophage
83269,Fibroblast
83271,Macrophage
83273,Macrophage
83275,Epithelial
83276,Macrophage
83278,Fibroblast
83280,Endothelial
83281,T
83282,Fibroblast
83284,T
83289,T
83291,Macrophage
83292,Epithelial
83293,Fibroblast
83294,Macrophage
83295,Fibroblast
83296,Malignant
83297,Macrophage
83300,Epithelial
83301,Malignant
83302,Macrophage
83304,T
83305,Fibroblast
83306,Malignant
83307,T
83313,Fibroblast
83315,Macrophage
83318,Macrophage
83319,Malignant
83322,Malignant
83326,Fibroblast
83329,T
83330,Macrophage
83331,T
83333,Myeloid
83336,Malignant
83339,Malignant
83340,Malignant
83341,Macrophage
83342,Fibroblast
83345,Endothelial
83346,T
83347,Macrophage
83348,Malignant
83349,T
83351,Fibroblast
83354,Malignant
83355,Macrophage
83356,Fibroblast
83358,Macrophage
83359,Fibroblast
83361,Fibroblast
83362,Macrophage
83365,Macrophage
83370,Fibroblast
83371,Malignant
83373,Macrophage
83374,Myeloid
83376,T
83378,Fibroblast
83379,T
83381,Malignant
83382,Malignant
83384,Macrophage
83388,Fibroblast
83389,T
83392,Malignant
83393,Macrophage
83394,Epithelial
83395,Macrophage
83399,B
83401,Malignant
83402,Fibroblast
83403,T
83408,Myeloid
83411,Macrophage
83412,T
83413,T
83415,Malignant
83417,Fibroblast
83418,Malignant
83419,Fibroblast
83420,Fibroblast
83421,T
83422,Macrophage
83423,Endothelial
83424,Malignant
83428,Fibroblast
83429,Fibroblast
83433,Fibroblast
83434,Malignant
83435,Malignant
83437,Fibroblast
83440,Macrophage
83441,Macrophage
83442,T
83443,Macrophage
83444,T
83445,T
83448,Fibroblast
83449,Macrophage
83450,Fibroblast
83451,Macrophage
83452,Fibroblast
83453,Fibroblast
83455,T
83457,T
83459,T
83460,Malignant
83464,Fibroblast
83465,Fibroblast
83466,Malignant
83468,Malignant
83469,Malignant
83470,Malignant
83471,Malignant
83480,Fibroblast
83483,Malignant
83484,T
83842,Epithelial
83852,T
83853,T
83854,T
83856,Macrophage
83857,T
83859,Macrophage
83860,Macrophage
83862,T
83863,T
83865,Macrophage
83867,Plasma
83868,Epithelial
83869,T
83870,Epithelial
83871,Endothelial
83873,T
83874,Epithelial
83877,Macrophage
83878,Macrophage
83879,Epithelial
83880,Macrophage
83881,T
83885,T
83886,Macrophage
83888,T
83889,Epithelial
83890,T
83891,Macrophage
83893,Macrophage
83894,Macrophage
83895,Macrophage
83896,Endothelial
83901,Malignant
83902,Endothelial
83903,T
83906,Fibroblast
83907,Fibroblast
83908,T
83909,T
83913,Macrophage
83914,Macrophage
83915,T
83916,Fibroblast
83917,T
83918,T
83919,Malignant
83921,Malignant
83923,Epithelial
83924,T
83925,Macrophage
83927,T
83928,T
83929,Macrophage
83930,Macrophage
83932,Malignant
83934,Macrophage
83935,T
83936,T
83938,T
83939,Macrophage
83940,T
83941,Macrophage
83942,Malignant
83948,Macrophage
83949,Malignant
83951,Epithelial
83952,Epithelial
83954,Plasma
83955,Epithelial
83957,B
83959,Macrophage
83960,Macrophage
83961,T
83962,T
83963,Malignant
83964,Epithelial
83965,Macrophage
83967,Epithelial
83971,T
83973,T
83975,Malignant
83976,Macrophage
83980,T
83981,Epithelial
83983,T
83984,Malignant
83985,T
83987,T
83988,Plasma
83990,T
83991,T
83993,Macrophage
83996,Malignant
83997,Plasma
83998,Macrophage
83999,Epithelial
84000,Macrophage
84004,Epithelial
84005,Malignant
84007,T
84008,Macrophage
84011,Plasma
84014,Epithelial
84015,Malignant
84016,Epithelial
84019,Endothelial
84021,Malignant
84022,Malignant
84023,Epithelial
84024,Epithelial
84025,Epithelial
84027,T
84031,T
84032,Plasma
84034,T
84036,Macrophage
84039,Epithelial
84041,T
84043,Fibroblast
84045,Malignant
84046,Endothelial
84049,Malignant
84050,T
84052,T
84056,Epithelial
84057,Epithelial
84058,Malignant
84059,Epithelial
84060,Epithelial
84061,Malignant
84062,Malignant
84065,Epithelial
84067,Epithelial
84068,Endothelial
84072,Epithelial
84074,Malignant
84076,Epithelial
84077,T
84079,Macrophage
84080,T
84081,T
84084,Macrophage
84087,Macrophage
84088,T
84089,Epithelial
84091,Malignant
84093,Malignant
84096,Malignant
84097,T
84098,Epithelial
84101,Macrophage
84102,Endothelial
84105,T
84108,Malignant
84111,Fibroblast
84113,Malignant
84115,Malignant
84116,Malignant
84117,Epithelial
84118,Myeloid
84120,Malignant
84121,Epithelial
84122,T
84123,Malignant
84128,Malignant
84129,Macrophage
84130,Malignant
84132,Macrophage
84133,Malignant
84135,B
84139,Malignant
84140,Malignant
84143,Macrophage
84146,Epithelial
84147,T
84149,Macrophage
84152,Malignant
84155,Malignant
84157,Macrophage
84161,Malignant
84162,Malignant
84164,T
84167,Plasma
84169,T
84170,Malignant
84171,Malignant
84176,Epithelial
84177,Epithelial
84179,Epithelial
84182,Macrophage
84184,Malignant
84188,T
84191,Endothelial
84192,Malignant
84193,Malignant
84194,Malignant
84196,Malignant
84197,Malignant
84198,Epithelial
84199,Epithelial
84200,Malignant
84202,Epithelial
84203,T
84206,Epithelial
84212,Malignant
84213,Malignant
84215,Malignant
84217,Malignant
84219,Malignant
84220,Malignant
84221,Malignant
84223,Malignant
84224,Malignant
84225,Malignant
84227,Malignant
84228,Macrophage
84231,Malignant
84237,Epithelial
84239,Malignant
84240,Epithelial
84245,Epithelial
84246,Malignant
84247,Malignant
84248,Malignant
84249,Malignant
84250,Endothelial
84251,Epithelial
84252,Epithelial
84255,Malignant
84256,Malignant
84257,Malignant
84258,Malignant
84261,Malignant
84263,Malignant
84267,Malignant
84268,Epithelial
84271,Epithelial
84274,Epithelial
84277,Malignant
84278,Malignant
84281,Malignant
84283,Epithelial
84287,Epithelial
84288,Malignant
84289,Malignant
84290,Malignant
84291,Malignant
84292,Epithelial
84293,Malignant
84294,Malignant
84295,Epithelial
84296,Malignant
84299,Epithelial
84300,Epithelial
84302,Malignant
84304,Malignant
84310,Epithelial
84314,Malignant
84317,Malignant
84320,Epithelial
84321,Epithelial
84323,Malignant
84329,Malignant
84331,Malignant
84334,Epithelial
84335,Epithelial
84336,Epithelial
84337,Malignant
84340,Malignant
84341,Malignant
84344,Malignant
84345,Epithelial
84351,Epithelial
84355,Malignant
84356,Malignant
84360,Malignant
84361,Epithelial
84363,Malignant
84365,Malignant
84369,Malignant
84370,Malignant
84373,Malignant
84375,Malignant
84376,Malignant
84378,Epithelial
84379,Epithelial
84381,Endothelial
84382,Malignant
84383,Malignant
84384,Malignant
84386,Fibroblast
84387,Malignant
84388,Malignant
84391,Malignant
84392,Epithelial
84394,Malignant
84395,Endothelial
84397,Malignant
84398,Malignant
84400,Malignant
84404,Malignant
84405,Malignant
84406,Macrophage
84624,Macrophage
84646,Plasma
84650,B
84661,T
84668,T
84670,T
84680,T
84681,T
84688,Plasma
84693,T
84702,T
84715,Macrophage
84717,Macrophage
84731,T
84740,Epithelial
84756,Malignant
84765,Malignant
84808,Malignant
84962,Malignant
85010,Malignant
85072,Malignant
91449,Macrophage
91450,Macrophage
91451,T
91454,T
91455,T
91458,T
91462,T
91465,T
91467,Macrophage
91471,T
91472,Macrophage
91474,Fibroblast
91479,T
91480,T
91482,T
91488,T
91491,T
91494,Fibroblast
91496,T
91500,Macrophage
91502,T
91507,T
91508,Endothelial
91513,Myeloid
91514,T
91516,B
91525,Macrophage
91526,Fibroblast
91529,T
91531,Macrophage
91534,T
91535,T
91538,Fibroblast
91546,T
91552,B
91553,Macrophage
91558,Fibroblast
91562,T
91563,T
91572,T
91577,T
91579,T
91583,T
91585,Macrophage
91590,T
91591,Fibroblast
91596,T
91601,Macrophage
91614,Plasma
91617,T
91621,T
91628,Macrophage
91635,Endothelial
91636,Macrophage
91640,T
91647,Plasma
91651,Fibroblast
91655,Plasma
91658,T
91670,T
91671,T
91674,T
91675,T
91679,T
91685,Macrophage
91689,B
91691,T
91692,Macrophage
91696,Fibroblast
91699,Myeloid
91706,Macrophage
91716,Fibroblast
91720,T
91726,T
91729,T
91732,T
91738,T
91742,T
91750,Fibroblast
91751,Macrophage
91758,Macrophage
91770,Macrophage
91773,Fibroblast
91790,T
91796,Fibroblast
91799,Myeloid
91811,T
91812,Endothelial
91814,Fibroblast
91820,Macrophage
91826,T
91842,Macrophage
91845,Epithelial
91850,T
91851,Fibroblast
91852,T
91854,Fibroblast
91860,T
91868,Malignant
91870,Myeloid
91881,Epithelial
91882,T
91893,T
91894,T
91897,Macrophage
91901,T
91926,Epithelial
91927,Macrophage
91931,T
91949,T
91953,Fibroblast
91955,Epithelial
91967,Epithelial
91980,Fibroblast
91985,T
91990,Malignant
92006,T
92029,Macrophage
92033,T
92035,Malignant
92037,T
92051,T
92052,Fibroblast
92072,T
92074,Malignant
92079,Macrophage
92080,T
92081,Malignant
92087,T
92104,T
92119,T
92121,T
92130,T
92136,T
92163,T
92164,Macrophage
92170,T
92171,T
92199,Malignant
92207,Malignant
92211,Malignant
92213,Malignant
92214,Malignant
92216,Fibroblast
92217,T
92219,Malignant
92220,T
92221,Fibroblast
92222,Malignant
92223,Malignant
92224,Malignant
92228,Fibroblast
92232,Fibroblast
92233,Fibroblast
92236,Malignant
92237,Fibroblast
92238,Fibroblast
92241,T
92244,Macrophage
92245,Malignant
92246,Malignant
92249,Macrophage
92250,Macrophage
92251,Macrophage
92252,Malignant
92253,Macrophage
92254,Fibroblast
92255,Malignant
92257,Malignant
92262,T
92263,Malignant
92265,Macrophage
92266,T
92267,T
92272,Malignant
92273,Fibroblast
92278,Malignant
92281,Malignant
92282,T
92283,Macrophage
92284,Malignant
92285,Malignant
92287,Malignant
92288,Fibroblast
92289,Malignant
92290,Macrophage
92291,Macrophage
92295,T
92298,T
92301,Endothelial
92302,Malignant
92303,T
92305,Fibroblast
92306,T
92311,T
92312,Macrophage
92313,Myeloid
92314,Fibroblast
92316,T
92317,Fibroblast
92319,T
92320,T
92321,T
92323,Malignant
92324,Endothelial
92326,Fibroblast
92327,Malignant
92330,Macrophage
92331,Macrophage
92332,Fibroblast
92333,Malignant
92335,Malignant
92336,Malignant
92337,Endothelial
92338,T
92339,Malignant
92341,T
92342,T
92343,Fibroblast
92345,Malignant
92348,Fibroblast
92351,Malignant
92352,Malignant
92353,Macrophage
92361,T
92367,Malignant
92368,Fibroblast
92371,Fibroblast
92372,Macrophage
92373,T
92376,Macrophage
92377,Malignant
92378,Malignant
92379,T
92382,Macrophage
92383,Malignant
92384,Malignant
92385,Malignant
92388,Malignant
92389,Malignant
92390,Malignant
92392,T
92394,Epithelial
92397,T
92398,Malignant
92399,Malignant
92401,T
92404,Malignant
92407,Malignant
92409,Malignant
92410,Malignant
92411,Malignant
92412,T
92414,Malignant
92415,Endothelial
92417,Fibroblast
92418,Malignant
92419,Malignant
92420,Malignant
92421,Malignant
92422,T
92426,Malignant
92428,T
92430,T
92431,Fibroblast
92433,Malignant
92436,Malignant
92437,Malignant
92438,Malignant
92439,Plasma
92443,Malignant
92448,Malignant
92450,Malignant
92452,Macrophage
92453,Fibroblast
92454,Malignant
92457,Fibroblast
92458,Plasma
92462,Malignant
92464,Malignant
92466,Malignant
92467,Macrophage
92472,Epithelial
92477,Malignant
92478,Plasma
92480,Fibroblast
92481,Endothelial
92485,Malignant
92486,Epithelial
92487,Malignant
92489,Malignant
92490,Epithelial
92492,Malignant
92494,Malignant
92496,Malignant
92497,Epithelial
92501,Epithelial
92502,Epithelial
92503,Malignant
92504,Epithelial
92506,Malignant
92508,Epithelial
92509,Malignant
92513,Endothelial
92515,Endothelial
92517,Malignant
92518,Malignant
92520,Malignant
92526,Malignant
92531,Malignant
92533,Malignant
92535,Endothelial
92536,Malignant
92537,Malignant
92538,Malignant
92539,Malignant
92540,Malignant
92543,Malignant
92544,Malignant
92551,Malignant
92559,Malignant
92560,Malignant
92562,Malignant
92564,Malignant
92565,Malignant
92567,Malignant
92568,Malignant
92569,Malignant
92570,Malignant
92572,Malignant
92573,Malignant
92575,Malignant
92576,Malignant
92578,Malignant
92579,Malignant
92580,Malignant
92581,Malignant
92582,Malignant
92583,Malignant
92584,Malignant
92585,Malignant
92589,Malignant
92590,Epithelial
92592,Malignant
92593,Malignant
92596,Malignant
92599,Epithelial
92600,Malignant
92601,Malignant
92603,Malignant
92606,Malignant
92607,Malignant
92611,Malignant
92614,Malignant
92617,Epithelial
92620,Epithelial
92621,Malignant
92623,Malignant
92626,Epithelial
92627,Epithelial
92628,Malignant
92629,Epithelial
92630,Malignant
92633,Malignant
92634,Malignant
92635,Epithelial
92641,Malignant
92643,Epithelial
92647,Malignant
92648,Malignant
92650,Malignant
92651,Malignant
92652,Malignant
92653,Malignant
92654,Malignant
92656,Malignant
92657,Malignant
92658,Malignant
92660,Malignant
92661,Malignant
92662,Malignant
92665,Malignant
92666,Malignant
92667,Malignant
92668,Malignant
92669,Malignant
92671,Malignant
92672,Malignant
92673,Epithelial
92675,Malignant
92676,Malignant
92680,Malignant
92681,Malignant
92682,Malignant
92687,Malignant
92690,Malignant
92692,Malignant
92693,Endothelial
92696,Malignant
92697,Malignant
92700,Malignant
92701,Epithelial
92702,Malignant
92704,Malignant
92705,Malignant
92714,Epithelial
92720,Malignant
92728,Macrophage
92729,Fibroblast
92730,Fibroblast
92731,Malignant
92735,T
92736,Fibroblast
92737,Malignant
92739,Malignant
92740,Malignant
92741,Macrophage
92742,Fibroblast
92744,Malignant
92745,Malignant
92746,Macrophage
92748,Fibroblast
92749,Epithelial
92750,Malignant
92751,Malignant
92752,Malignant
92753,Malignant
92757,Fibroblast
92758,Fibroblast
92763,Malignant
92766,Malignant
92767,Fibroblast
92771,Malignant
92772,Malignant
92773,Malignant
92774,Fibroblast
92775,T
92776,Malignant
92777,Malignant
92779,Malignant
92780,Malignant
92785,Malignant
92786,Macrophage
92787,Malignant
92790,Malignant
92791,T
92793,Malignant
92796,Malignant
92797,Malignant
92799,Malignant
92803,Malignant
92807,Malignant
92812,Malignant
92814,Malignant
92817,Macrophage
92818,Fibroblast
92819,Malignant
92823,Malignant
92825,Malignant
92828,Malignant
92832,T
92833,B
92834,Fibroblast
92835,Malignant
92836,Malignant
92837,T
92838,T
92843,Macrophage
92844,T
92845,Macrophage
92847,Malignant
92848,Malignant
92850,T
92851,Fibroblast
92852,T
92854,Malignant
92858,Epithelial
92860,Malignant
92861,Malignant
92865,T
92867,T
92868,Malignant
92869,T
92871,Macrophage
92872,T
92874,Epithelial
92877,Myeloid
92878,Malignant
92880,Fibroblast
92881,T
92882,T
92884,T
92885,B
92887,Malignant
92889,Fibroblast
92890,Malignant
92891,Epithelial
92894,Fibroblast
92895,Malignant
92897,Fibroblast
92899,T
92901,Fibroblast
92904,T
92905,Fibroblast
92906,Macrophage
92909,T
92910,Fibroblast
92912,Fibroblast
92913,Fibroblast
92914,Malignant
92920,Fibroblast
92921,Fibroblast
92922,Fibroblast
92923,Malignant
92924,Myeloid
92925,Malignant
92926,Macrophage
92927,T
92928,Fibroblast
92930,T
92933,Malignant
92934,Endothelial
92936,T
92937,Epithelial
92939,T
92940,Epithelial
92941,T
92943,Endothelial
92944,Macrophage
92946,Fibroblast
92947,Macrophage
92949,Endothelial
92950,Fibroblast
92951,Epithelial
92953,Epithelial
92955,Endothelial
92956,Endothelial
92957,T
92958,Fibroblast
92960,Fibroblast
92961,B
92962,Epithelial
92963,T
92966,Fibroblast
92967,Fibroblast
92970,Macrophage
92971,Macrophage
92973,Malignant
92974,Macrophage
92976,T
92977,T
92978,Fibroblast
92979,Malignant
92980,T
92982,Endothelial
92984,T
92985,Malignant
92987,Macrophage
92989,Macrophage
92992,Macrophage
92995,Malignant
93000,Macrophage
93001,Macrophage
93002,Malignant
93003,Endothelial
93006,Endothelial
93007,T
93009,Macrophage
93010,Fibroblast
93011,T
93013,Fibroblast
93014,Macrophage
93015,T
93017,Macrophage
93018,T
93021,T
93022,Malignant
93024,Malignant
93025,T
93026,T
93027,T
93029,T
93030,T
93033,T
93034,Macrophage
93035,Endothelial
93036,Malignant
93037,T
93042,T
93043,T
93044,Macrophage
93045,T
93046,T
93047,Fibroblast
93048,Endothelial
93049,T
93052,Macrophage
93053,T
93054,T
93055,T
93056,T
93057,Macrophage
93058,Endothelial
93062,Macrophage
93064,Malignant
93065,Macrophage
93066,Malignant
93067,B
93068,T
93069,Macrophage
93070,T
93073,Fibroblast
93074,Malignant
93075,T
93076,T
93077,Endothelial
93078,Malignant
93080,T
93081,Fibroblast
93082,T
93085,Malignant
93088,Fibroblast
93089,Malignant
93091,Malignant
93092,Malignant
93094,Fibroblast
93095,T
93096,T
93100,T
93101,Malignant
93102,T
93103,Malignant
93104,Myeloid
93105,T
93108,Plasma
93109,T
93110,Macrophage
93114,Fibroblast
93116,Malignant
93117,Malignant
93118,T
93120,Endothelial
93121,Myeloid
93122,T
93123,Malignant
93129,Malignant
93132,T
93133,T
93135,Epithelial
93137,Epithelial
93139,T
93140,Epithelial
93141,Malignant
93142,Malignant
93147,Malignant
93148,Epithelial
93151,Epithelial
93152,Macrophage
93154,Malignant
93155,Malignant
93156,T
93159,T
93160,T
93162,T
93167,T
93168,Malignant
93169,Fibroblast
93172,Malignant
93174,Epithelial
93178,Epithelial
93179,T
93182,Malignant
93183,T
93184,Macrophage
93185,T
93186,T
93188,Malignant
93190,Malignant
93194,Macrophage
93195,Malignant
93196,Malignant
93198,Malignant
93199,Malignant
93200,Malignant
93201,Malignant
93204,Malignant
93205,Malignant
93206,T
93207,Endothelial
93209,Malignant
93210,Macrophage
93211,Epithelial
93213,Malignant
93215,Malignant
93216,Malignant
93220,Malignant
93221,Malignant
93222,Macrophage
93223,Macrophage
93225,Malignant
93228,Epithelial
93231,Malignant
93235,Malignant
93239,Malignant
93243,Malignant
93245,Epithelial
93246,Macrophage
93247,Malignant
93248,Malignant
93249,Malignant
93252,Malignant
93255,Epithelial
93256,Epithelial
93258,Malignant
93261,Malignant
93263,Epithelial
93265,Malignant
93269,Malignant
93270,Malignant
93271,Malignant
93273,Epithelial
93274,Malignant
93275,Malignant
93277,Epithelial
93279,Malignant
93283,Malignant
93285,Malignant
93289,Epithelial
93290,Malignant
93293,Epithelial
93294,Malignant
93295,Malignant
93296,Malignant
93298,Malignant
93299,Epithelial
93305,Epithelial
93319,Malignant
93320,Malignant
93324,Macrophage
93325,Malignant
93329,Malignant
93330,Malignant
93331,Malignant
93335,Malignant
93336,Endothelial
93338,Endothelial
93339,Fibroblast
93341,Malignant
93344,Endothelial
93345,Malignant
93346,Malignant
93351,Malignant
93362,Fibroblast
93363,Epithelial
93366,Endothelial
93367,Malignant
93368,Fibroblast
93371,Endothelial
93372,Malignant
93373,Malignant
93379,Fibroblast
93380,Endothelial
93386,Malignant
93389,Macrophage
93390,Malignant
93391,Malignant
93393,Malignant
93395,Malignant
93397,Fibroblast
93399,T
93400,T
93406,Macrophage
93407,Malignant
93409,Macrophage
93412,Malignant
93413,Macrophage
93414,Macrophage
93416,Macrophage
93417,Malignant
93418,T
93419,Epithelial
93422,Epithelial
93425,T
93426,T
93428,Malignant
93429,T
93430,Macrophage
93433,Malignant
93434,Epithelial
93435,Epithelial
93437,T
93440,Macrophage
93441,T
93442,Macrophage
93443,Epithelial
93444,Macrophage
93446,Endothelial
93447,T
93448,Endothelial
93449,Fibroblast
93450,Macrophage
93451,Macrophage
93453,Malignant
93456,Plasma
93458,Macrophage
93459,T
93460,T
93461,T
93463,Fibroblast
93464,Fibroblast
93465,Macrophage
93467,Macrophage
93469,T
93470,Macrophage
93473,Epithelial
93475,Malignant
93476,T
93478,Malignant
93479,T
93481,Fibroblast
93483,T
93485,T
93486,Endothelial
93489,T
93490,Macrophage
93492,T
93493,Malignant
93494,Malignant
93495,Endothelial
93496,T
93497,Macrophage
93498,Macrophage
93499,Fibroblast
93500,T
93501,T
93505,T
93506,T
93507,T
93508,Epithelial
93509,Malignant
93510,Macrophage
93511,Macrophage
93512,Endothelial
93514,T
93517,Macrophage
93519,Endothelial
93520,Macrophage
93521,Plasma
93523,Macrophage
93526,T
93527,T
93528,Macrophage
93529,Macrophage
93531,Endothelial
93533,Malignant
93534,T
93535,Macrophage
93536,Endothelial
93538,Macrophage
93539,Malignant
93540,T
93541,Malignant
93542,T
93548,T
93553,T
93555,Macrophage
93556,Macrophage
93557,Malignant
93558,Myeloid
93560,Endothelial
93563,Macrophage
93564,T
93565,T
93567,Macrophage
93569,Macrophage
93571,T
93572,Endothelial
93575,Endothelial
93576,T
93577,T
93578,T
93579,Macrophage
93580,Fibroblast
93581,Macrophage
93582,T
93584,Malignant
93586,Macrophage
93587,T
93588,Endothelial
93589,T
93590,Macrophage
93592,Endothelial
93593,Malignant
93595,T
93598,T
93599,Epithelial
93601,Plasma
93604,Macrophage
93606,T
93608,Malignant
93609,Fibroblast
93610,T
93612,Fibroblast
93614,T
93615,Macrophage
93617,Malignant
93618,T
93621,T
93622,Malignant
93627,T
93628,T
93629,T
93632,T
93634,Fibroblast
93636,T
93637,T
93638,Macrophage
93640,Macrophage
93642,T
93650,T
93651,Fibroblast
93653,T
93655,T
93656,T
93657,Fibroblast
93659,T
93660,B
93662,Epithelial
93663,T
93666,Macrophage
93668,Macrophage
93669,T
93674,T
93675,T
93676,Fibroblast
93680,Endothelial
93683,T
93684,T
93687,T
93688,T
93689,T
93690,T
93693,T
93694,T
93696,T
93697,Endothelial
93700,T
93702,Macrophage
93703,T
93704,T
93705,Macrophage
93707,T
93708,Fibroblast
93709,Macrophage
93710,T
93711,T
93712,Fibroblast
93715,B
93716,T
93718,Endothelial
93719,T
93720,T
93722,B
93726,Macrophage
93727,T
93728,T
93730,Macrophage
93731,T
93732,T
93734,T
93735,T
93736,Fibroblast
93737,T
93738,T
93739,T
93741,Macrophage
93744,Plasma
93745,T
93746,Fibroblast
93748,T
93749,T
93750,Macrophage
93751,Fibroblast
93753,Myeloid
93754,T
93756,Macrophage
93757,T
93758,T
93760,T
93761,T
93763,T
93764,T
93766,Macrophage
93767,T
93769,Epithelial
93770,T
93771,T
93773,T
93774,Fibroblast
93775,T
93776,T
93777,Macrophage
93778,T
93779,T
93781,T
93782,T
93784,Endothelial
93785,T
93789,T
93791,T
93793,T
93794,T
93795,B
93797,Fibroblast
93798,Plasma
93799,B
93800,T
93802,B
93803,Fibroblast
93805,T
93807,Fibroblast
93809,T
93811,Fibroblast
93812,T
93814,Fibroblast
93817,T
93821,Fibroblast
93823,T
93826,T
93827,T
93828,Fibroblast
93830,T
93832,T
93834,T
93835,T
93836,T
93837,Fibroblast
93839,T
93840,T
93841,Fibroblast
93842,Fibroblast
93847,T
93848,Fibroblast
93850,Endothelial
93854,T
93855,Fibroblast
93856,T
93857,T
93858,T
93859,Macrophage
93861,T
93862,T
93865,Macrophage
93866,Fibroblast
93867,T
93870,T
93871,T
93872,Myeloid
93874,T
93877,Macrophage
93880,Fibroblast
93881,Macrophage
93882,T
93883,Myeloid
93885,Fibroblast
93886,Macrophage
93888,T
93890,T
93892,Myeloid
93893,T
93894,Macrophage
93895,T
93896,Fibroblast
93897,Fibroblast
93898,Macrophage
93899,Macrophage
93900,T
93901,T
93903,Macrophage
93904,Macrophage
93905,T
93907,Fibroblast
93908,T
93912,T
93914,T
93916,Macrophage
93917,Plasma
93919,Macrophage
93924,T
93925,Macrophage
93926,T
93932,Myeloid
93935,T
93936,T
93937,Endothelial
93938,T
93939,T
93940,T
93943,Fibroblast
93944,T
93945,T
93946,T
93947,T
93948,Macrophage
93949,T
93950,T
93955,Macrophage
93958,Plasma
93959,T
93960,T
93961,T
93962,T
93964,T
93966,T
93967,T
93969,Epithelial
93972,T
93976,T
93977,T
93978,T
93981,T
93983,Macrophage
93984,T
93985,T
93986,T
93987,T
93989,T
93990,T
93991,Fibroblast
93992,T
93996,Macrophage
93998,Fibroblast
94000,Malignant
94001,Plasma
94002,T
94003,T
94005,T
94006,Malignant
94008,T
94009,T
94010,T
94011,Macrophage
94012,T
94013,Macrophage
94021,T
94024,T
94027,T
94028,T
94030,T
94034,Malignant
94036,T
94037,Malignant
94039,T
94040,Epithelial
94041,T
94042,T
94043,Macrophage
94044,Macrophage
94046,Macrophage
94047,T
94050,T
94052,T
94055,T
94057,T
94058,Macrophage
94059,T
94060,Macrophage
94062,T
94063,Macrophage
94065,T
94067,T
94070,T
94071,Epithelial
94073,Epithelial
94075,T
94079,Macrophage
94081,Malignant
94082,Macrophage
94086,T
94089,Macrophage
94091,Macrophage
94092,T
94093,T
94095,Macrophage
94096,Macrophage
94100,T
94102,T
94103,T
94105,T
94108,T
94113,Macrophage
94114,Malignant
94115,Macrophage
94117,Macrophage
94119,T
94120,T
94121,Macrophage
94122,Macrophage
94123,T
94126,T
94127,T
94128,T
94129,Malignant
94130,T
94131,Fibroblast
94132,Malignant
94134,Macrophage
94135,T
94136,T
94138,T
94140,T
94141,T
94145,T
94146,Macrophage
94147,T
94148,Macrophage
94150,Malignant
94153,T
94155,T
94156,Macrophage
94159,T
94160,Epithelial
94161,T
94162,T
94163,T
94164,Malignant
94166,T
94167,T
94171,T
94173,Malignant
94174,T
94176,T
94178,Epithelial
94179,Malignant
94180,T
94182,Malignant
94183,T
94184,Malignant
94185,Macrophage
94187,Macrophage
94191,Epithelial
94193,T
94194,T
94195,Myeloid
94198,T
94200,T
94201,Macrophage
94202,T
94203,T
94204,Malignant
94207,T
94209,Macrophage
94211,Macrophage
94212,T
94215,Macrophage
94216,T
94218,T
94219,T
94221,Malignant
94224,T
94226,Malignant
94227,T
94229,T
94230,T
94235,T
94236,T
94237,T
94238,T
94239,T
94240,Macrophage
94242,T
94243,B
94245,Malignant
94246,Malignant
94249,T
94316,Malignant
94340,Malignant
94367,Macrophage
94403,Macrophage
94408,Fibroblast
94431,T
94441,Macrophage
94444,Macrophage
94462,Macrophage
94475,Macrophage
94499,T
94509,Macrophage
94511,Macrophage
94523,T
94526,Macrophage
94560,Macrophage
94573,T
94618,T
94622,T
94640,T
94643,T
94656,T
94670,T
94677,T
94687,T
94697,T
94700,T
94712,T
94716,T
94725,T
94732,T
94739,T
94751,T
94753,T
94770,T
94772,Endothelial
94793,T
94800,T
94812,T
94835,T
94847,Plasma
94849,T
94858,T
94865,Macrophage
94873,Macrophage
94876,T
94886,Macrophage
94889,Fibroblast
94907,Fibroblast
94919,T
94951,T
94964,Macrophage
94968,Macrophage
